factor,0,3,6,12
gap,0.26838638584594926,0.36037147526831276,0.1529828306590513,-0.37799385219788517
ratio,-0.34598008438554423,-0.40478050308031227,-0.2696404339867475,0.34825436588203973
rel_gap,0.34598008438554445,0.4047805030803124,0.2696404339867476,-0.34825436588203934
