factor,0,3,6,12
gap,0.26838638584594926,0.36437519803831164,0.12249181993019798,-0.2896795531700907
ratio,-0.34598008438554423,-0.41032016187468223,-0.22819426553706826,0.26203476950888166
rel_gap,0.34598008438554445,0.4103201618746822,0.2281942655370683,-0.26203476950888077
