factor,0,3,6,12
gap,0.06546423268526486,-0.009092764358075527,0.2538050477538335,0.34751811378873576
ratio,-0.07913037028860165,0.035936238824491915,-0.09674360702135226,-0.11443659432473774
rel_gap,0.07913037028860168,-0.03593623882449192,0.0967436070213523,0.11443659432473774
