factor,0,3,6,12
gap,0.06567891690938067,-0.008796945837847,0.25450463747324775,0.34774945313193373
ratio,-0.07808263322215485,0.03642850836820267,-0.0968948118103793,-0.11432394600499482
rel_gap,0.07808263322215485,-0.03642850836820269,0.09689481181037934,0.11432394600499492
