factor,0,3,6,12
gap,0.2741844108153658,0.3496913620458889,0.09410418814824417,-0.3052704210049458
ratio,-0.3306763168468635,-0.3907147457828608,-0.20307558763505787,0.27017422481816095
rel_gap,0.33067631684686366,0.39071474578286086,0.20307558763505792,-0.27017422481816017
