factor,0,3,6,12
gap,0.0654363866353221,-0.00913037237853923,0.2537154149022232,0.34748832334931384
ratio,-0.0792631688262986,0.035873480234704026,-0.09672414026895372,-0.11445084041889567
rel_gap,0.07926316882629861,-0.03587348023470396,0.09672414026895389,0.11445084041889578
