factor,0,3,6,12
gap,0.0658070693587123,-0.013088960216945403,0.23796273913376706,0.3388675321631372
ratio,-0.07601442412678433,0.021591593572935327,-0.10301491500334814,-0.11484626559793916
rel_gap,0.07601442412678436,-0.02159159357293524,0.10301491500334826,0.11484626559793909
