factor,0,3,6,12
gap,0.26838638584594926,0.36037147526831276,0.15582484010244854,-0.397963449566533
ratio,-0.34598008438554423,-0.40478050308031227,-0.27465278355287864,0.37099046031804
rel_gap,0.34598008438554445,0.4047805030803124,0.2746527835528787,-0.37099046031803967
