factor,0,3,6,12
gap,0.0657216750821887,-0.008736727787959265,0.25464587020848445,0.3477959004332974
ratio,-0.07786867679710376,0.03652841758269162,-0.09692517658331955,-0.11430088648874688
rel_gap,0.07786867679710377,-0.036528417582691555,0.09692517658331969,0.11430088648874692
