factor,0,3,6,12
gap,0.06483606601362671,-0.00990368081633213,0.25183725553081887,0.34685640537830653
ratio,-0.08197258739733178,0.03457419942960051,-0.09631152261325554,-0.11474000694903123
rel_gap,0.08197258739733179,-0.034574199429600466,0.09631152261325558,0.11474000694903126
