factor,0,3,6,12
gap,0.26838638584594926,0.36329894791075024,0.1222781299759296,-0.2858192022153133
ratio,-0.34598008438554423,-0.40882953850824955,-0.22736557319564535,0.2578859364297207
rel_gap,0.34598008438554445,0.40882953850824955,0.22736557319564543,-0.25788593642971974
