factor,0,3,6,12
gap,0.26838638584594926,0.36037147526831276,0.12168342746318242,-0.27524572161984495
ratio,-0.34598008438554423,-0.40478050308031227,-0.2250865503913638,0.24653675256704743
rel_gap,0.34598008438554445,0.4047805030803124,0.2250865503913638,-0.24653675256704663
