factor,0,3,6,12
gap,0.26838638584594926,0.3605761393094489,0.12172564305762695,-0.27598826927618986
ratio,-0.34598008438554423,-0.40506331655010575,-0.22524706348241258,0.24733309493268504
rel_gap,0.34598008438554445,0.40506331655010586,0.2252470634824127,-0.2473330949326842
