factor,0,3,6,12
gap,0.06683999040084385,-0.0002894268921066348,0.2719501356435049,0.35200821324708126
ratio,-0.07193081622713611,0.04966960147315275,-0.09992114745562661,-0.11149397973922855
rel_gap,0.07193081622713617,-0.04966960147315263,0.09992114745562661,0.11149397973922852
