factor,0,3,6,12
gap,0.26838638584594926,0.36037147526831276,0.15567419617326908,-0.39691033563198036
ratio,-0.34598008438554423,-0.40478050308031227,-0.2743870972144967,0.3697899827725832
rel_gap,0.34598008438554445,0.4047805030803124,0.2743870972144968,-0.36978998277258285
