factor,0,3,6,12
gap,0.26838638584594926,0.36037147526831276,0.1604431676043202,-0.4299273418842029
ratio,-0.34598008438554423,-0.40478050308031227,-0.28279805459639307,0.40750799096786006
rel_gap,0.34598008438554445,0.4047805030803124,0.2827980545963932,-0.4075079909678596
