factor,0,3,6,12
gap,0.0659829892279277,-0.008358453836472417,0.25552401558765225,0.348082739229699
ratio,-0.07651963175784623,0.03715371413797125,-0.09711273253358829,-0.11415504052994747
rel_gap,0.07651963175784626,-0.03715371413797129,0.09711273253358825,0.11415504052994752
