factor,0,3,6,12
gap,0.06527349302694593,-0.00990501404019628,0.2518339591009999,0.3468552835822398
ratio,-0.08264584739312116,0.03457194481741272,-0.09631079074113709,-0.11474049926929153
rel_gap,0.08264584739312117,-0.034571944817412714,0.09631079074113719,0.11474049926929158
