factor,0,3,6,12
gap,0.06605868774306672,-0.008245350335451916,0.2557835696242557,0.3481668662057974
ratio,-0.07611463280973381,0.03733990617468777,-0.09716774938104739,-0.11411110045383259
rel_gap,0.07611463280973384,-0.03733990617468772,0.09716774938104734,0.11411110045383273
