factor,0,3,6,12
gap,0.26838638584594926,0.36037147526831276,0.15498948978120394,-0.39211590773268135
ratio,-0.34598008438554423,-0.40478050308031227,-0.2731795018940884,0.36432675359816935
rel_gap,0.34598008438554445,0.4047805030803124,0.27317950189408846,-0.3643267535981691
