factor,0,3,6,12
gap,0.06598564875814399,-0.012705421087473471,0.23938333559794492,0.3398150705476666
ratio,-0.07321202019796615,0.023208174392288825,-0.10260391673032519,-0.11486958658855427
rel_gap,0.07321202019796615,-0.023208174392288672,0.10260391673032519,0.11486958658855441
