factor,0,3,6,12
gap,0.06608512686618809,-0.012441399169471122,0.240322528959888,0.3404439831312098
ratio,-0.07128570155865831,0.024308795684233452,-0.1023088831069333,-0.1148797735217176
rel_gap,0.07128570155865836,-0.02430879568423341,0.10230888310693334,0.11487977352171763
