factor,0,3,6,12
gap,0.25649262563146036,0.2884056941706657,0.09260523905731935,-0.3439988709518397
ratio,-0.34389730766998,-0.371344356112685,-0.2040138656114886,0.2669134813912838
rel_gap,0.3438973076699802,0.371344356112685,0.20401386561148863,-0.26691348139128324
