factor,0,3,6,12
gap,0.26838638584594926,0.36037147526831276,0.15831160718163112,-0.4152543961108854
ratio,-0.34598008438554423,-0.40478050308031227,-0.2790386405012292,0.3907249919746187
rel_gap,0.34598008438554445,0.4047805030803124,0.2790386405012293,-0.3907249919746184
