factor,0,3,6,12
gap,0.26838638584594926,0.36037147526831276,0.15519878474132315,-0.3935827747722143
ratio,-0.34598008438554423,-0.40478050308031227,-0.27354862862614565,0.36599787941909717
rel_gap,0.34598008438554445,0.4047805030803124,0.2735486286261457,-0.36599787941909684
