factor,0,3,6,12
gap,0.06527349302694593,-0.013798990414063374,0.22544372362537893,0.332127601635865
ratio,-0.08264584739312116,0.017839230498453432,-0.11362754349393356,-0.11650186525378427
rel_gap,0.08264584739312117,-0.017839230498453377,0.11362754349393367,0.11650186525378423
