factor,0,3,6,12
gap,0.06592233939399504,-0.01285178497722427,0.23884915207339638,0.3394582984509883
ratio,-0.07428101605677973,0.02259376718558147,-0.10276323544458295,-0.11486189376160423
rel_gap,0.07428101605677975,-0.022593767185581363,0.102763235444583,0.11486189376160429
