factor,0,3,6,12
gap,0.06706776691958982,-0.006536015375795852,0.25954144731717826,0.34934952635261474
ratio,-0.06991291093446478,0.04011102455583791,-0.09794089573766049,-0.11342838782216064
rel_gap,0.06991291093446476,-0.04011102455583782,0.09794089573766057,0.11342838782216061
