factor,0,3,6,12
gap,0.06605187179795009,-0.01253535115747186,0.2399918915171775,0.3402223196465763
ratio,-0.07197083864502123,0.023918266335437144,-0.102414991737352,-0.1148766873661543
rel_gap,0.0719708386450213,-0.023918266335437102,0.10241499173735209,0.11487668736615447
