factor,0,3,6,12
gap,0.06572386764690222,-0.013242572733732767,0.23737473262896092,0.3384763804112886
ratio,-0.07713756588011692,0.020938125584315553,-0.10317359840194303,-0.11483401925815756
rel_gap,0.07713756588011696,-0.020938125584315476,0.10317359840194315,0.11483401925815759
