factor,0,3,6,12
gap,0.25649262563146036,0.2868810384949617,0.09232283587648142,-0.3386311519946091
ratio,-0.34389730766998,-0.3690746856163406,-0.2026467286975392,0.26110848747414406
rel_gap,0.3438973076699802,0.3690746856163407,0.20264672869753916,-0.26110848747414367
