factor,0,3,6,12
gap,0.25649262563146036,0.281900962057121,0.09136190577182751,-0.32087329042093704
ratio,-0.34389730766998,-0.36167212475664906,-0.1980941767993393,0.24198331263513265
rel_gap,0.3438973076699802,0.361672124756649,0.19809417679933933,-0.24198331263513223
