factor,0,3,6,12
gap,0.06585370087609835,-0.008547880420336365,0.2550862149805037,0.3479401593653017
ratio,-0.07719625719520821,0.03684108406111255,-0.09701949670082181,-0.11422828909385667
rel_gap,0.07719625719520819,-0.036841084061112465,0.09701949670082198,0.11422828909385667
