factor,0,3,6,12
gap,0.06688890508905407,-0.006872625356343976,0.25882549226044577,0.34912951175982876
ratio,-0.07114512705253868,0.03957163447725867,-0.09779718171867657,-0.11356560244755884
rel_gap,0.07114512705253867,-0.039571634477258574,0.09779718171867653,0.1135656024475589
