factor,0,3,6,12
gap,0.2741844108153658,0.3496913620458889,0.13287051423598523,-0.448225784523968
ratio,-0.3306763168468635,-0.3907147457828608,-0.26065557693480856,0.4191224392097594
rel_gap,0.33067631684686366,0.39071474578286086,0.2606555769348087,-0.41912243920975917
