factor,0,3,6,12
gap,0.26838638584594926,0.36037147526831276,0.15737393695810048,-0.4087557173042999
ratio,-0.34598008438554423,-0.40478050308031227,-0.2773848879665958,0.3833025466409266
rel_gap,0.34598008438554445,0.4047805030803124,0.2773848879665959,-0.3833025466409263
