factor,0,3,6,12
gap,0.06330381532559928,-0.002118057763247635,0.2716575778917008,0.34129296829374783
ratio,-0.07406845041135832,0.04324999874959093,-0.11169904328521518,-0.11840262530180763
rel_gap,0.0740684504113583,-0.043249998749590984,0.11169904328521534,0.11840262530180765
