factor,0,3,6,12
gap,0.33656495064194586,0.5105809291878661,0.17763870655228703,-0.1500748354913647
ratio,-0.3766917533763426,-0.48106177766242175,-0.2829160337867997,0.16172441255061248
rel_gap,0.3766917533763428,0.4810617776624218,0.28291603378679964,-0.16172441255061207
