factor,0,3,6,12
gap,0.26838638584594926,0.36037147526831276,0.1536151792634298,-0.38245518705949255
ratio,-0.34598008438554423,-0.40478050308031227,-0.27075568075464496,0.3533286994411588
rel_gap,0.34598008438554445,0.4047805030803124,0.2707556807546451,-0.3533286994411585
