factor,0,3,6,12
gap,0.26838638584594926,0.36037147526831276,0.1564577082505827,-0.4023807678599106
ratio,-0.34598008438554423,-0.40478050308031227,-0.2757689561256473,0.37602771389978024
rel_gap,0.34598008438554445,0.4047805030803124,0.27576895612564734,-0.3760277138997799
