factor,0,3,6,12
gap,0.06589839382827387,-0.012903839780754179,0.23865681689368087,0.339329987575787
ratio,-0.07466135691061315,0.022374509942327068,-0.10281916336768515,-0.11485880088467898
rel_gap,0.07466135691061312,-0.022374509942327075,0.10281916336768518,0.11485880088467898
