factor,0,3,6,12
gap,0.0652055681364798,-0.009435855327002947,0.2529815110469179,0.3472431321761474
ratio,-0.08033839656709398,0.03536223363699063,-0.09656396415227764,-0.11456593009719371
rel_gap,0.08033839656709399,-0.03536223363699056,0.09656396415227765,0.1145659300971939
