factor,0,3,6,12
gap,0.26838638584594926,0.3647669929848872,0.12256895031366905,-0.29108112007495535
ratio,-0.34598008438554423,-0.41086308134200183,-0.22849471513341654,0.26354178528808603
rel_gap,0.34598008438554445,0.4108630813420019,0.22849471513341657,-0.2635417852880852
