factor,0,3,6,12
gap,0.06579825452437824,-0.008627736472181713,0.2549004851980462,0.34787941680892076
ratio,-0.07748086079842971,0.03670899088158197,-0.09697977975993245,-0.11425903970882069
rel_gap,0.07748086079842971,-0.03670899088158191,0.09697977975993248,0.11425903970882074
