factor,0,3,6,12
gap,0.06673966431056964,-0.007140486987944767,0.2582474245787938,0.34894998995820076
ratio,-0.07212211886620692,0.03914020603608048,-0.09767985623794272,-0.1136738192076102
rel_gap,0.07212211886620691,-0.03914020603608044,0.09767985623794266,0.11367381920761016
