factor,0,3,6,12
gap,0.06585116558684008,-0.013002019219329928,0.23829067705497017,0.33908592514477914
ratio,-0.07537888163648097,0.021959907400122065,-0.10292359371486266,-0.11485245288285469
rel_gap,0.07537888163648103,-0.021959907400121922,0.10292359371486273,0.11485245288285448
