factor,0,3,6,12
gap,0.06529357576463675,-0.013893728491591342,0.23475768257402288,0.3367404211125751
ratio,-0.08189701488509724,0.01812879824855919,-0.10380774900425797,-0.11476286756159937
rel_gap,0.08189701488509726,-0.01812879824855903,0.10380774900425814,0.11476286756159926
