factor,0,3,6,12
gap,0.06556888337179029,-0.01350017928040559,0.2363637333881232,0.3378049526315077
ratio,-0.07902119163160025,0.019834401666590003,-0.10343198656718934,-0.11480964862815134
rel_gap,0.07902119163160028,-0.019834401666589972,0.1034319865671895,0.11480964862815131
