factor,0,3,6,12
gap,0.25649262563146036,0.29211766268221234,0.09326962777582654,-0.3569215348362875
ratio,-0.34389730766998,-0.3768769955777974,-0.20728966155845038,0.2809366740315351
rel_gap,0.3438973076699802,0.37687699557779725,0.20728966155845038,-0.28093667403153466
