factor,0,3,6,12
gap,0.33656495064194586,0.5105809291878661,0.17940858752516017,-0.1648107170999933
ratio,-0.3766917533763426,-0.48106177766242175,-0.2856542672370927,0.17786425735210604
rel_gap,0.3766917533763428,0.4810617776624218,0.2856542672370927,-0.17786425735210565
