factor,0,3,6,12
gap,0.25649262563146036,0.2853887714010169,0.09204107617586535,-0.33334532799008376
ratio,-0.34389730766998,-0.36685477734972605,-0.20129650411486688,0.2554031032909717
rel_gap,0.3438973076699802,0.36685477734972605,0.20129650411486685,-0.2554031032909713
