factor,0,3,6,12
gap,0.06485226142507804,-0.009883679027913992,0.25188668610821235,0.34687322166465556
ratio,-0.08190303673035586,0.03460801836297946,-0.09632249403721951,-0.1147326183025138
rel_gap,0.08190303673035587,-0.034608018362979456,0.0963224940372196,0.11473261830251377
