factor,0,3,6,12
gap,0.06625668164617847,-0.007941248471857468,0.2564746221406584,0.3483893674023025
ratio,-0.07502213475462743,0.037838767844790476,-0.09731326733367673,-0.11399220016945458
rel_gap,0.07502213475462743,-0.03783876784479046,0.0973132673336767,0.11399220016945455
