factor,0,3,6,12
gap,0.26838638584594926,0.36252847909782676,0.12212351938772678,-0.28304658040415764
ratio,-0.34598008438554423,-0.40776310738884064,-0.22676929849369626,0.25490787380099295
rel_gap,0.34598008438554445,0.4077631073888407,0.22676929849369634,-0.2549078738009921
