factor,0,3,6,12
gap,0.06539684728176656,-0.013753874864392506,0.235337050871827,0.33712421234163836
ratio,-0.08087549280258896,0.018737636599738674,-0.10367687172793724,-0.11478083959490441
rel_gap,0.08087549280258899,-0.018737636599738688,0.10367687172793731,0.11478083959490444
