factor,0,3,6,12
gap,0.06507807584519613,-0.014162255753959014,0.23361809063688435,0.3359860100374508
ratio,-0.08385621832141395,0.016951211761333424,-0.10405071598635664,-0.1147240855109723
rel_gap,0.08385621832141398,-0.016951211761333337,0.10405071598635673,0.11472408551097225
