factor,0,3,6,12
gap,0.06584484883602353,-0.013014737561471229,0.2382429221302209,0.3390541107205076
ratio,-0.07547184537609238,0.02190609667698429,-0.10293702072145156,-0.11485158107924713
rel_gap,0.07547184537609239,-0.02190609667698411,0.10293702072145161,0.1148515810792473
