factor,0,3,6,12
gap,0.06538159765583988,-0.013775053210860252,0.2352499319584464,0.33706648806513473
ratio,-0.08103022321409567,0.018645633425902582,-0.10369687996802675,-0.11477821452656553
rel_gap,0.08103022321409571,-0.018645633425902454,0.10369687996802683,0.11477821452656557
