factor,0,3,6,12
gap,0.06579549685225766,-0.013111098654263855,0.237878674506673,0.3388115778605027
ratio,-0.07617627503157097,0.02149763059289463,-0.10303799486334825,-0.11484460457905989
rel_gap,0.07617627503157094,-0.02149763059289458,0.10303799486334829,0.11484460457905998
