factor,0,3,6,12
gap,0.26838638584594926,0.3648747736687178,0.12259010659934232,-0.29146632786750937
ratio,-0.34598008438554423,-0.41101246168114125,-0.2285772524482001,0.26395604146613183
rel_gap,0.34598008438554445,0.41101246168114125,0.22857725244820012,-0.26395604146613094
