factor,0,3,6,12
gap,0.26838638584594926,0.35912458167280453,0.12142415984432828,-0.270711469698222
ratio,-0.34598008438554423,-0.40305832669185676,-0.22410480604925695,0.24167620799614958
rel_gap,0.34598008438554445,0.4030583266918568,0.22410480604925703,-0.24167620799614864
